연번,발급기명,시군구,시도명 ,도로명주소,지번주소,위도,경도,대수,이용시간정보,장애인편의발급기형태,시각장애인용키패드,휠체어접근가능여부,데이터기준일자
1,매탄2동주민센터,경기도,수원시,"경기도 수원시 영통구 매영로39번길 21, 매탄2동주민센터 (매탄동)",경기도 수원시 영통구 매탄동 198-99 매탄2동 행정복지센터,37.2701495,127.0474295,1,평일08시~19시,Y ,Y ,Y ,2026-03-01
2,매탄3동주민센터,경기도,수원시,경기도 수원시 영통구 동탄원천로881번길 76(매탄동),경기도 수원시 영통구 매탄동 1279-1 매탄3동 행정복지센터,37.2564467,127.0430982,1,평일08시~19시,Y ,Y ,Y ,2026-03-01
3,매탄4동주민센터,경기도,수원시,"경기도 수원시 영통구 산남로 26-4, 매탄4동주민센터 (매탄동)",경기도 수원시 영통구 매탄동 232-2 매탄4동 행정복지센터,37.2651145,127.0486937,1,평일08시~19시,Y ,Y ,Y ,2026-03-01
4,원천동 주민센터,경기도,수원시,경기도 수원시 영통구 중부대로 339(원천동),경기도 수원시 영통구 원천동 610 원천동 행정복지센터,37.2734789,127.0532893,1,평일08시~19시,Y ,Y ,Y ,2026-03-01
5,광교1동주민센터(1),경기도,수원시,"경기도 수원시 영통구 도청로89번길 20, 광교1동주민센터 2층 (이의동)",경기도 수원시 영통구 이의동 1350 광교1동 행정복지센터,37.2901826,127.0473961,1,평일08시~19시,Y ,Y ,Y ,2026-03-01
6,광교2동주민센터(2),경기도,수원시,"경기도 수원시 영통구 도청로89번길 20, 광교1동주민센터 2층 (이의동)",경기도 수원시 영통구 이의동 1350 광교1동 행정복지센터,37.2901826,127.0473961,1,평일08시~19시,Y ,Y ,Y ,2026-03-01
7,광교2동주민센터,경기도,수원시,경기도 수원시 영통구 법조로149번길 155(하동),경기도 수원시 영통구 하동 976 광교2동 행정복지센터,37.2922771,127.0701599,1,평일08시~19시,Y ,Y ,Y ,2026-03-01
8,영통1동 주민센터,경기도,수원시,경기도 수원시 영통구 봉영로1759번길 23(영통동),경기도 수원시 영통구 영통동 947-6 영통1동 행정복지센터,37.2663492,127.0805492,1,평일08시~19시,Y ,Y ,Y ,2026-03-01
9,영통2동 주민센터,경기도,수원시,경기도 수원시 영통구 영통로217번길 12(영통동),경기도 수원시 영통구 영통동 977-3 영통2동 행정복지센터,37.2469632,127.0563198,1,평일08시~19시,Y ,Y ,Y ,2026-03-01
10,영통3동주민센터,경기도,수원시,경기도 수원시 영통구 매영로 386(영통동),경기도 수원시 영통구 영통동 989-5 영통3동 행정복지센터,37.2495358,127.0738230,1,평일08시~19시,Y ,Y ,Y ,2026-03-01
11,망포1동주민센터,경기도,수원시,경기도 수원시 영통구 영통로90번길 4-16 (망포동),경기도 수원시 영통구 망포동 484 경민메디칼빌딩,37.2377970,127.0608445,1,평일08시~19시,Y ,Y ,Y ,2026-03-01
12,망포2동주민센터,경기도,수원시,경기도 수원시 영통구 태장로54번길 10(망포동),경기도 수원시 영통구 망포동 234-43 망포2동 행정복지센터,37.2388622,127.0516045,1,평일08시~19시,Y ,Y ,Y ,2026-03-01
13,수원세무서,경기도,수원시,경기도 수원시 팔달구 매산로 61(매산로3가),경기도 수원시 팔달구 매산로3가 28 수원세무서,37.2696476,127.0077393,1,평일09시~18시,Y ,Y ,Y ,2026-03-01
14,동수원세무서,경기도,수원시,경기도 수원시 영통구 청명남로 13(영통동),경기도 수원시 영통구 영통동 999-1 동수원세무서,37.2515890,127.0733641,1,평일09시~18시,Y ,Y ,Y ,2026-03-01
15,수원출입국관리사무소,경기도,수원시,경기도 수원시 영통구 반달로 39(영통동),경기도 수원시 영통구 영통동 1012-6 수원출입국·외국인청,37.2508494,127.0768016,1,평일09시~18시,Y ,Y ,Y ,2026-03-01
16,수원고등 지방법원,경기도,수원시,"경기도 수원시 영통구 법조로 105, 수원법원종합청사 (하동)",경기도 수원시 영통구 하동 990 수원법원종합청사,37.2904921,127.0693599,1,평일09시~18시,Y ,Y ,Y ,2026-03-01
17,수원가정법원,경기도,수원시,"경기도 수원시 영통구 매영로345번길 67, 수원가정법원청사 (영통동)",경기도 수원시 영통구 영통동 961-5 수원가정법원청사,37.2546900,127.0727079,1,평일09시~18시,Y ,Y ,Y ,2026-03-01
18,동수원등기소,경기도,수원시,"경기도 수원시 영통구 청명로 127, 동수원등기소 (영통동)",경기도 수원시 영통구 영통동 961-16 동수원등기소,37.2564989,127.0740158,1,평일09시~18시,Y ,Y ,Y ,2026-03-01
19,경인지방병무청,경기도,수원시,"경기도 수원시 팔달구 고화로 120, 인천경기병무청 (화서동)",경기도 수원시 팔달구 화서동 53-2 경인지방병무청,37.2801885,127.0075155,1,평일09시~18시,Y ,Y ,Y ,2026-03-01
20,시청1호기,경기도,수원시,경기도 수원시 팔달구 효원로 241(인계동),경기도 수원시 팔달구 인계동 1111 수원시청,37.2634759,127.0286460,1,연중24시,Y ,Y ,Y ,2026-03-01
21,시청2호기,경기도,수원시,경기도 수원시 팔달구 효원로 241(인계동),경기도 수원시 팔달구 인계동 1111 수원시청,37.2634759,127.0286460,1,연중24시,Y ,Y ,Y ,2026-03-01
22,시청3호기,경기도,수원시,경기도 수원시 팔달구 효원로 241(인계동),경기도 수원시 팔달구 인계동 1111 수원시청,37.2634759,127.0286460,1,평일09시~18시,Y ,Y ,Y ,2026-03-01
23,장안구청1호기,경기도,수원시,경기도 수원시 장안구 송원로 101(조원동),경기도 수원시 장안구 조원동 888 장안구청,37.3039709,127.0101225,1,연중24시,Y ,Y ,Y ,2026-03-01
24,장안구청2호기,경기도,수원시,경기도 수원시 장안구 송원로 101(조원동),경기도 수원시 장안구 조원동 888 장안구청,37.3039709,127.0101225,1,평일09시~18시,Y ,Y ,Y ,2026-03-01
25,권선구청1호기,경기도,수원시,경기도 수원시 권선구 호매실로 12(탑동),경기도 수원시 권선구 탑동 900 권선구청,37.2576870,126.9719110,1,연중24시,Y ,Y ,Y ,2026-03-01
26,권선구청2호기,경기도,수원시,경기도 수원시 권선구 호매실로 12(탑동),경기도 수원시 권선구 탑동 900 권선구청,37.2576870,126.9719110,1,평일09시~18시,Y ,Y ,Y ,2026-03-01
27,팔달구청,경기도,수원시,경기도 수원시 팔달구 창룡대로 23(매향동),경기도 수원시 팔달구 매향동 49 수원시 팔달구청,37.2826508,127.0200791,1,연중24시,Y ,Y ,Y ,2026-03-01
28,영통구청,경기도,수원시,경기도 수원시 영통구 효원로 407(매탄동),경기도 수원시 영통구 매탄동 1268 영통구청,37.2595989,127.0465077,1,연중24시,Y ,Y ,Y ,2026-03-01
29,경기도청(광교청사),경기도,수원시,경기도 수원시 영통구 도청로 30(이의동),,37.2889398,127.0538220,1,연중24시,Y ,Y ,Y ,2026-03-01
30,성균관대역,경기도,수원시,경기도 수원시 장안구 서부로 2149(율전동),경기도 수원시 장안구 율전동 495 성균관대역 역사,37.3003158,126.9711631,1,연중06시~22시,Y ,Y ,Y ,2026-03-01
31,수원역전지하상가,경기도,수원시,경기도 수원시 팔달구 덕영대로 924(매산로1가),경기도 수원시 팔달구 매산로1가 18 AK플라자,37.2660447,126.9997956,1,연중06시~22시,Y ,Y ,Y ,2026-03-01
32,수원역환승센터,경기도,수원시,"경기도 수원시 권선구 세화로 136, 수원역 환승센터 A동 (서둔동)",경기도 수원시 권선구 서둔동 296-84,37.2656846,126.9987850,1,연중06시~24시,Y ,Y ,Y ,2026-03-01
33,망포역,경기도,수원시,경기도 수원시 영통구 덕영대로 지하 1520(영통동),,37.2458,127.0569,1,연중06시~22시,Y ,Y ,Y ,2026-03-01
34,영통역,경기도,수원시,"경기도 수원시 영통구 봉영로 지하1560, 영통역 (영통동)",,37.2514498,127.07129,1,연중06시~22시,Y ,Y ,Y ,2026-03-01
35,광교역,경기도,수원시,경기도 수원시 영통구 대학로 55(이의동),경기도 수원시 영통구 이의동 740-1,37.3021009,127.0431541,1,연중5시30분~24시,Y ,Y ,Y ,2026-03-01
36,광교중앙역,경기도,수원시,경기도 수원시 영통구 도청로 45(이의동),경기도 수원시 영통구 이의동 268-1,37.2882586,127.0518988,1,연중5시30분~24시,Y ,Y ,Y ,2026-03-01
37,오목천역,경기도,수원시,"경기도 수원시 권선구 삼천병마로 지하1570, 지하1층 (오목천동)",,37.243369,126.963944,1,연중06시~22시,Y ,Y ,Y ,2026-03-01
38,수원버스터미널,경기도,수원시,경기도 수원시 권선구 경수대로 270(권선동),"경기도 수원시 권선구 권선동 1189 터미널동, 할인점동",37.2513342,127.0199600,1,연중06시~22시,Y ,Y ,Y ,2026-03-01
39,롯데마트 천천점,경기도,수원시,"경기도 수원시 장안구 만석로19번길 25-10, 롯데마트 (천천동)",경기도 수원시 장안구 천천동 525 롯데마트 천천점,37.2963870,126.9822569,1,연중10시~21시,Y ,Y ,Y ,2026-03-01
40,롯데마트 권선점,경기도,수원시,경기도 수원시 권선구 동수원로 232(권선동),경기도 수원시 권선구 권선동 1296-5 센터블스파,37.2502595,127.0346909,1,연중10시~21시,Y ,Y ,Y ,2026-03-01
41,농수산물 유통센터,경기도,수원시,경기도 수원시 권선구 서부로 1937(구운동),경기도 수원시 권선구 구운동 218-1 수원 농수산물 종합유통센터,37.2820835,126.9670700,1,연중09시~21시,Y ,Y ,Y ,2026-03-01
42,아주대병원,경기도,수원시,경기도 수원시 영통구 월드컵로 164(원천동),경기도 수원시 영통구 원천동 산26-6 아주대학병원,37.2794612,127.0476837,1,연중24시,Y ,Y ,Y ,2026-03-01
43,성빈센트 병원,경기도,수원시,경기도 수원시 팔달구 중부대로 93(지동),경기도 수원시 팔달구 지동 93-6 성빈센트병원,37.2779855,127.0274271,1,연중24시,Y ,Y ,Y ,2026-03-01
44,동수원병원,경기도,수원시,"경기도 수원시 팔달구 중부대로 165, 동수원병원 (우만동)",경기도 수원시 팔달구 우만동 157-7 동수원병원,37.2780648,127.0345486,1,연중24시,Y ,Y ,Y ,2026-03-01
45,수원의료원,경기도,수원시,경기도 수원시 장안구 수성로245번길 69(정자동),경기도 수원시 장안구 정자동 886-9 경기도립수원의료원,37.2918917,126.9963375,1,연중24시,Y ,Y ,Y ,2026-03-01
46,화홍병원,경기도,수원시,경기도 수원시 권선구 호매실로90번길 98 (호매실동),경기도 수원시 권선구 호매실동 1396-1,37.2601268,126.9639084,1,연중24시,Y ,Y ,Y ,2026-03-01
47,연화장,경기도,수원시,경기도 수원시 영통구 광교호수로 278(하동),경기도 수원시 영통구 하동 1050 수원시 연화장,37.2899404,127.0841700,1,연중24시,Y ,Y ,Y ,2026-03-01
48,한림도서관,경기도,수원시,경기도 수원시 권선구 동수원로25번길 32-52(권선동),경기도 수원시 권선구 권선동 1352-45,37.2352517,127.0230076,1,연중07시~23시,Y ,Y ,Y ,2026-03-01
49,서수원도서관,경기도,수원시,"경기도 수원시 권선구 탑동로57번길 35, 서수원도서관 1층 (탑동)",경기도 수원시 권선구 탑동 746-1 서수원도서관,37.2731216,126.9720586,1,연중07시~23시,Y ,Y ,Y ,2026-03-01
50,수원산업단지,경기도,수원시,경기도 수원시 권선구 오목천로132번길 33(고색동),경기도 수원시 권선구 고색동 959 휴먼스카이밸리,37.2427214,126.9765313,1,연중07시~21시,Y ,Y ,Y ,2026-03-01
51,당수동 농협,경기도,수원시,경기도 수원시 권선구 당진로31번길 19(당수동),경기도 수원시 권선구 당수동 274-1 반월농협당수지점,37.2920344,126.9393157,1,연중09시~21시,Y ,Y ,Y ,2026-03-01
52,삼성전자,경기도,수원시,"경기도 수원시 영통구 삼성로 129, 삼성전자 (매탄동)",경기도 수원시 영통구 매탄동 416 삼성전자,37.2579382,127.0532030,1,연중09시~21시,Y ,Y ,Y ,2026-03-01
53,우만종합사회복지관,경기도,수원시,경기도 수원시 팔달구 창룡대로210번길 13(우만동),경기도 수원시 팔달구 우만동 301 주공3단지아파트,37.2920515,127.0349395,1,연중09시~21시,Y ,Y ,Y ,2026-03-01
54,파장동주민센터,경기도,수원시,경기도 수원시 장안구 파장천로 60(파장동),경기도 수원시 장안구 파장동 381 파장동 행정복지센터,37.3103529,126.9974438,1,평일08시~19시,Y ,Y ,Y ,2026-03-01
55,율천동주민센터,경기도,수원시,경기도 수원시 장안구 서부로2106번길 27(율전동),경기도 수원시 장안구 율전동 433-2 율천동행정복지센터,37.2976184,126.9714316,1,평일08시~19시,Y ,Y ,Y ,2026-03-01
56,정자1동주민센터,경기도,수원시,경기도 수원시 장안구 정자로130번길 20(정자동),경기도 수원시 장안구 정자동 840-96 정자1동주민센터,37.3021999,126.9912879,1,평일08시~19시,Y ,Y ,Y ,2026-03-01
57,정자2동주민센터,경기도,수원시,경기도 수원시 장안구 송정로24번길 34(정자동),경기도 수원시 장안구 정자동 32-7 정자2동주민센터,37.2950651,127.0004420,1,평일08시~19시,Y ,Y ,Y ,2026-03-01
58,정자3동주민센터,경기도,수원시,경기도 수원시 장안구 대평로 85(정자동),경기도 수원시 장안구 정자동 879-4 정자3동 주민센터,37.2957015,126.9925834,1,평일08시~19시,Y ,Y ,Y ,2026-03-01
59,평동주민센터,경기도,수원시,경기도 수원시 권선구 평동로76번길 13(평동),경기도 수원시 권선구 평동 35-6 평동 행정복지센터,37.2580329,126.9941630,1,평일08시~19시,Y ,Y ,Y ,2026-03-01
60,서둔동주민센터,경기도,수원시,경기도 수원시 권선구 서호로 146(서둔동),경기도 수원시 권선구 서둔동 207-13 서둔동 행정복지센터,37.2725800,126.9860539,1,평일08시~19시,Y ,Y ,Y ,2026-03-01
61,영화동주민센터,경기도,수원시,경기도 수원시 장안구 수성로382번길 24(영화동),경기도 수원시 장안구 영화동 250-1 영화동 행정복지센터,37.2931486,127.0139656,1,평일08시~19시,Y ,Y ,Y ,2026-03-01
62,송죽동주민센터,경기도,수원시,경기도 수원시 장안구 송원로41번길 16-21(송죽동),경기도 수원시 장안구 송죽동 502-1 송죽동행정복지센터,37.3005189,127.0070114,1,평일08시~19시,Y ,Y ,Y ,2026-03-01
63,구운동주민센터,경기도,수원시,경기도 수원시 권선구 구운로47번길 57-33(구운동),경기도 수원시 권선구 구운동 965 구운동 행정복지센터,37.2770625,126.9714302,1,평일08시~19시,Y ,Y ,Y ,2026-03-01
64,금곡동주민센터,경기도,수원시,경기도 수원시 권선구 금곡로196번길 20(금곡동),경기도 수원시 권선구 금곡동 1119-4 금곡동 행정복지센터,37.2727373,126.9521809,1,평일08시~19시,Y ,Y ,Y ,2026-03-01
65,호매실동주민센터,경기도,수원시,경기도 수원시 권선구 칠보로 16(호매실동),,37.26622,126.95704,1,평일08시~19시,Y ,Y ,Y ,2026-03-01
66,조원1동주민센터,경기도,수원시,경기도 수원시 장안구 금당로 56(조원동),경기도 수원시 장안구 조원동 735 조원1동행정복지센터,37.3018728,127.0164315,1,평일08시~19시,Y ,Y ,Y ,2026-03-01
67,조원2동주민센터,경기도,수원시,경기도 수원시 장안구 송원로 109-50(조원동),경기도 수원시 장안구 조원동 877 조원2동행정복지센터,37.3056156,127.0096779,1,평일08시~19시,Y ,Y ,Y ,2026-03-01
68,연무동주민센터,경기도,수원시,경기도 수원시 장안구 경수대로 757(연무동),경기도 수원시 장안구 연무동 181-1 연무동행정복지센터,37.2905828,127.0215522,1,평일08시~19시,Y ,Y ,Y ,2026-03-01
69,세류1동주민센터,경기도,수원시,경기도 수원시 권선구 세류로38번길 10(세류동),경기도 수원시 권선구 세류동 223-2 세류1동 행정복지센터,37.2622653,127.0079771,1,평일08시~19시,Y ,Y ,Y ,2026-03-01
70,세류2동주민센터,경기도,수원시,경기도 수원시 권선구 덕영대로 1107(세류동),경기도 수원시 권선구 세류동 980-1 세류2동 행정복지센터,37.2533664,127.0130702,1,평일08시~19시,Y ,Y ,Y ,2026-03-01
71,세류3동주민센터,경기도,수원시,경기도 수원시 권선구 정조로 557(세류동),경기도 수원시 권선구 세류동 476-11 세류3동 행정복지센터,37.2590538,127.0119411,1,평일08시~19시,Y ,Y ,Y ,2026-03-01
72,권선1동 주민센터,경기도,수원시,경기도 수원시 권선구 경수대로352번길 29(권선동),경기도 수원시 권선구 권선동 1034-5 권선1동 행정복지센터,37.2577881,127.0245684,1,평일08시~19시,Y ,Y ,Y ,2026-03-01
73,권선2동주민센터,경기도,수원시,경기도 수원시 권선구 권중로 85(권선동),경기도 수원시 권선구 권선동 1268-2 권선2동 행정복지센터,37.2513249,127.0296875,1,평일08시~19시,Y ,Y ,Y ,2026-03-01
74,곡선동주민센터,경기도,수원시,경기도 수원시 권선구 동수원로146번길 174(곡반정동),경기도 수원시 권선구 곡반정동 525 곡선동 행정복지센터,37.2433724,127.0333038,1,평일08시~19시,Y ,Y ,Y ,2026-03-01
75,입북동주민센터,경기도,수원시,경기도 수원시 권선구 입북로 17(입북동),경기도 수원시 권선구 입북동 429-9 입북동 행정복지센터,37.2932329,126.9595130,1,평일08시~19시,Y ,Y ,Y ,2026-03-01
76,행궁동주민센터,경기도,수원시,경기도 수원시 팔달구 신풍로23번길 40(신풍동),경기도 수원시 팔달구 신풍동 100 행궁동주민센터,37.2840501,127.0126478,1,평일08시~19시,Y ,Y ,Y ,2026-03-01
77,매교동주민센터,경기도,수원시,경기도 수원시 팔달구 효원로89번길 60(매교동),,37.276005,127.009108,1,평일08시~19시,Y ,Y ,Y ,2026-03-01
78,매산동주민센터,경기도,수원시,경기도 수원시 팔달구 매산로 41(매산로2가),경기도 수원시 팔달구 매산로2가 40-30,37.2687431,127.0056713,1,평일08시~19시,Y ,Y ,Y ,2026-03-01
79,고등동 주민센터,경기도,수원시,경기도 수원시 팔달구 고등로 37(고등동),경기도 수원시 팔달구 고등동 153-1 고등동주민센터,37.2734660,127.0011269,1,평일08시~19시,Y ,Y ,Y ,2026-03-01
80,화서1동주민센터,경기도,수원시,경기도 수원시 팔달구 동말로4번길 10(화서동),경기도 수원시 팔달구 화서동 184-357 화서1동 행정복지센터,37.2764189,126.9950391,1,평일08시~19시,Y ,Y ,Y ,2026-03-01
81,화서2동주민센터,경기도,수원시,경기도 수원시 팔달구 화산로6번길 6(화서동),경기도 수원시 팔달구 화서동 689-1 화서2동 주민센터,37.2850821,126.9862865,1,평일08시~19시,Y ,Y ,Y ,2026-03-01
82,지동주민센터,경기도,수원시,경기도 수원시 팔달구 팔달문로115번길 5(지동),경기도 수원시 팔달구 지동 479 환경미화원대기실,37.2820378,127.0284602,1,평일08시~19시,Y ,Y ,Y ,2026-03-01
83,우만1동주민센터,경기도,수원시,경기도 수원시 팔달구 세지로 406(우만동),경기도 수원시 팔달구 우만동 506 우만1동행정복지센터,37.2853512,127.0294140,1,평일08시~19시,Y ,Y ,Y ,2026-03-01
84,우만2동주민센터,경기도,수원시,경기도 수원시 팔달구 중부대로207번길 33(우만동),경기도 수원시 팔달구 우만동 108-3 우만2동주민센터,37.2780390,127.0397669,1,평일08시~19시,Y ,Y ,Y ,2026-03-01
85,인계동주민센터2,경기도,수원시,"경기도 수원시 팔달구 인계로 123, KBS수원방송센타 1층 (인계동)",경기도 수원시 팔달구 인계동 468 KBS수원방송센타,37.2680520,127.0301429,1,평일08시~19시,Y ,Y ,Y ,2026-03-01
86,매탄1동주민센터,경기도,수원시,"경기도 수원시 영통구 인계로189번길 119, 매탄1동주민센터 (매탄동)",경기도 수원시 영통구 매탄동 176-4 매탄1동 행정복지센터,37.2705002,127.0405278,1,평일08시~19시,Y ,Y ,Y ,2026-03-01
