연번,발급기명,도로명주소,지번주소,위도,경도,상세위치,이용시간,가족관계제적부,등기부,365코너,주말(공휴일),특이사항,도입연도,데이터기준일자
1,가정행복지원센터,경상남도 거제시 용소1길 35,경상남도 거제시 아주동 989,34.87478818,128.6874407,입구,00:00~24:00,Y,N,Y,운영,,2023,2026-05-28
2,고현동주민센터_2,경상남도 거제시 거제중앙로13길 24,경상남도 거제시 고현동 694,34.8825561,128.6231419,주민센터 내,09:00~18:00,Y,Y,N,운영안함,,2025,2026-05-28
3,거제등기소,경상남도 거제시 거제중앙로31길 32,경상남도 거제시 고현동 967-3,34.8899036,128.6187803,등기소 내,09:00~18:00,Y,Y,N,운영안함,"업무시간 내 운영, 12~13시 점심시간",2017,2026-05-28
4,거제면사무소,경상남도 거제시 거제면 서상길 1,경상남도 거제시 거제면 서상리 298-1,34.8510014,128.5904175,면사무소 내,06:00~24:00,Y,Y,Y,운영,,2023,2026-05-28
5,거제수협 고현지점,경상남도 거제시 고현천로 52,경상남도 거제시 고현동 43-1,34.88744193,128.6256688,입구 로비,06:00~24:00,Y,N,Y,운영,,2017,2026-05-28
6,거제수협 옥포지점,경상남도 거제시 옥포대첩로 59,경상남도 거제시 옥포동 532-27,34.89440464,128.693997,옥포지점 내부,06:00~24:00,Y,N,Y,운영,"외부 철문 개방, 내부 철문 폐쇄",2017,2026-05-28
7,거제축협 상동지점,경상남도 거제시 거제중앙로 1726,경상남도 거제시 상동동 590-9,34.87426188,128.632964,1층 로비,06:00~24:00,N,N,Y,운영,,2017,2026-05-28
8,남부면사무소,경상남도 거제시 남부면 남부해안로 30,경상남도 거제시 남부면 저구리 70,34.73224984,128.6101227,민원실 입구,06:00~24:00,Y,Y,Y,운영,,2026,2026-05-28
9,능포동주민센터,경상남도 거제시 능포로 182,경상남도 거제시 능포동 401-4,34.87917769,128.7345692,민원실 입구(2층),06:00~24:00,Y,Y,Y,운영,,2025,2026-05-28
10,국민건강보험공단,경상남도 거제시 아주로 58,경상남도 거제시 아주동 1696-12,34.86496108,128.6886844,1층 출입구,06:00~24:00,Y,N,Y,운영,,2016,2026-05-28
11,수양동주민센터_2(내부),경상남도 거제시 제산로5길 26,경상남도 거제시 양정동 665-1,34.88793916,128.6462711,주민센터 내(사무실 안),09:00~18:00,Y,Y,N,운영안함,,2019,2026-05-28
12,대우병원,경상남도 거제시 두모길 16,경상남도 거제시 두모동 459,34.87195462,128.722122,병원 내(1층 엘리베이터 옆),06:00~24:00,Y,N,Y,운영,,2016,2026-05-28
13,한화오션_2(금융동),경상남도 거제시 거제대로 3370,경상남도 거제시 아주동 229-1,34.88167039,128.7253181,서문복지센터 2층 우체국 앞,06:00~24:00,Y,N,Y,운영,,2020,2026-05-28
14,한화오션_3(느태),경상남도 거제시 거제대로 3370,경상남도 거제시 아주동 229-1,34.88167039,128.7253181,느태생산센터 1층 매점 앞,06:00~24:00,Y,N,Y,운영,,2020,2026-05-28
15,동부면사무소,경상남도 거제시 동부면 동부로 16,경상남도 거제시 동부면 산양리 356-7,34.82160837,128.6081181,민원실 입구,06:00~24:00,Y,Y,Y,운영,,2015,2026-05-28
16,통영세무서 거제지서,경상남도 거제시 계룡로11길 9,경상남도 거제시 고현동 577,34.88216992,128.6197966,민원실 내,09:00~18:00,Y,Y,N,운영안함,,2015,2026-05-28
17,둔덕면사무소,경상남도 거제시 둔덕면 거제남서로 4620,경상남도 거제시 둔덕면 하둔리 365-64,34.8368124,128.5049076,면사무소 내,06:00~24:00,Y,Y,Y,운영,,2024,2026-05-28
18,맑은샘병원,경상남도 거제시 연초면 거제대로 4477,경상남도 거제시 연초면 연사리 1399-3,34.8977261,128.6436575,병원 5층 원무과 앞,06:00~24:00,Y,N,Y,운영,,2017,2026-05-28
19,매물도여객선터미널,경상남도 거제시 남부면 저구해안길 60,경상남도 거제시 남부면 저구리 216-11,34.73080192,128.6067572,,06:00~17:00,N,N,N,부분운영,영업시간에 따름,2013,2026-05-28
20,사등면사무소,경상남도 거제시 사등면 성포로 104,경상남도 거제시 사등면 성포리 372-8,34.91891598,128.5222554,민원실 입구,06:00~24:00,Y,Y,Y,운영,,2021,2026-05-28
21,삼성중공업_1(직원도움방),경상남도 거제시 장평3로 80,경상남도 거제시 장평동 산 52-5,34.89712885,128.6102182,직원 도움의 방(3층),06:00~18:00,N,N,N,운영안함,영업시간에 따름,2020,2026-05-28
22,삼성중공업_2,경상남도 거제시 장평3로 80,경상남도 거제시 장평동 산 52-5,34.89712885,128.6102182,3도크 새마을금고(1층),06:00~24:00,Y,N,Y,운영,영업시간에 따름,2020,2026-05-28
23,아주동주민센터_1,경상남도 거제시 아주로3길 7,경상남도 거제시 아주동 338,34.86600741,128.6921291,주민센터 내,09:00~18:00,Y,Y,N,운영안함,업무시간 내 운영,2021,2026-05-28
24,상문동주민센터_2,경상남도 거제시 거제중앙로 1641,경상남도 거제시 상동동 167-11,34.86805679,128.6378538,주민센터 내(1층),09:00~18:00,Y,Y,N,운영안함,,2023,2026-05-28
25,수양동주민센터_1,경상남도 거제시 제산로5길 26,경상남도 거제시 양정동 665-1,34.88793916,128.6462711,주민센터 입구(사무실 밖),06:00~24:00,Y,Y,Y,부분운영,매주 월요일 및 법정공휴일 18:00,2024,2026-05-28
26,장승포동 다어울림행복문화센터,경상남도 거제시 마전8길 15 (장승포동),경상남도 거제시 장승포동 561-3,34.85996221,128.7232005,입구,06:00~23:00,N,N,Y,운영,,2019,2026-05-28
27,시청 민원실(내부),경상남도 거제시 계룡로 125,경상남도 거제시 고현동 717,34.88052755,128.6208152,본청 1층 민원과 민원실 출입문 내부,09:00~18:00,Y,Y,N,운영안함,업무시간 내 운영,2021,2026-05-28
28,시청민원실(부스),경상남도 거제시 계룡로 125,경상남도 거제시 고현동 717,34.88052755,128.6208152,1층 민원실 입구 좌측 외부 부스,00:00~24:00,Y,Y,Y,운영,,2025,2026-05-28
29,신현농협 본점,경상남도 거제시 고현로11길 23,경상남도 거제시 고현동 961-49,34.88947997,128.6238424,농협 365코너,06:00~24:00,Y,N,Y,운영,,2015,2026-05-28
30,장승포동주민센터,경상남도 거제시 장승로 146-25,경상남도 거제시 장승포동 702-3,34.86737347,128.7271756,민원실 입구,06:00~24:00,Y,Y,Y,운영,,2026,2026-05-28
31,신현농협 중곡지점,경상남도 거제시 중곡로3길 24,경상남도 거제시 고현동 1000-1,34.8939372,128.6278053,농협지점 내,09:00~18:00,Y,N,N,운영안함,,2015,2026-05-28
32,거붕백병원,경상남도 거제시 계룡로5길 14,경상남도 거제시 상동동 943-5,34.87365361,128.6256281,병원 내(신관 1층 출입구 왼편),06:00~24:00,Y,N,Y,운영,,2026,2026-05-28
33,아주동주민센터_2,경상남도 거제시 아주로3길 7,경상남도 거제시 아주동 338,34.86600741,128.6921291,주민센터 입구(중문),06:00~24:00,Y,Y,Y,운영,,2025,2026-05-28
34,연초면사무소(부스),경상남도 거제시 연초면 죽토로 11,경상남도 거제시 연초면 죽토리 781-1,34.91459362,128.6565239,민원실 입구(부스),06:00~24:00,Y,Y,Y,운영,,2021,2026-05-28
35,고현동주민센터_1,경상남도 거제시 거제중앙로13길 24,경상남도 거제시 고현동 694,34.8825561,128.6231419,주민센터 내,09:00~18:00,Y,Y,N,운영안함,,2026,2026-05-28
36,옥포1동주민센터_2,경상남도 거제시 옥포로2길 7,경상남도 거제시 옥포동 1980,34.89012116,128.6960165,민원실 입구,06:00~24:00,Y,Y,Y,운영,,2022,2026-05-28
37,옥포2동행정복지센터_1,경상남도 거제시 옥포로25길 20,경상남도 거제시 옥포동 1291-7,34.89664033,128.6875957,주민센터 내,08:00~18:00,Y,Y,N,운영안함,,2023,2026-05-28
38,옥포2동행정복지센터_2(부스),경상남도 거제시 옥포로25길 20,경상남도 거제시 옥포동 1291-7,34.89664033,128.6875957,민원실 입구 옆 365코너,06:00~24:00,Y,Y,Y,운영,,2025,2026-05-28
39,일운면사무소(부스),경상남도 거제시 일운면 지세포4길 7,경상남도 거제시 일운면 지세포리 926-2,34.82956315,128.7034165,면사무소 입구 365코너,06:00~24:00,Y,Y,Y,운영,,2023,2026-05-28
40,장목면사무소,경상남도 거제시 장목면 장동1길 46-1,경상남도 거제시 장목면 장목리 247-1,34.98659231,128.6823826,면사무소 내,06:00~24:00,Y,Y,Y,운영,,2015,2026-05-28
41,상문동주민센터_1(부스),경상남도 거제시 거제중앙로 1641,경상남도 거제시 상동동 167-11,34.86805679,128.6378538,주민센터 입구 365코너/거제시스마트도서관,06:00~24:00,Y,Y,Y,운영,,2026,2026-05-28
42,옥포1동주민센터,경상남도 거제시 옥포로2길 7,경상남도 거제시 옥포동 1980,34.89012116,128.6960165,민원실 입구,06:00~24:00,Y,Y,Y,운영,,2026,2026-05-28
43,장평동주민센터_1,경상남도 거제시 장평3로 10,경상남도 거제시 장평동 174,34.88944152,128.6094016,건물 로비(1층),08:00~23:00,Y,Y,Y,부분운영,법정공휴일 08:00~18:00,2024,2026-05-28
44,장평동주민센터_2,경상남도 거제시 장평3로 10,경상남도 거제시 장평동 174,34.88944152,128.6094016,건물 로비(1층),08:00~23:00,Y,Y,Y,부분운영,법정공휴일 08:00~18:00,2024,2026-05-28
45,중곡 민원센터,경상남도 거제시 중곡1로 92,경상남도 거제시 고현동 987,34.8972158,128.6290734,1층 중곡 민원센터 출입구,06:00~24:00,Y,Y,Y,운영,,2022,2026-05-28
46,하청면사무소,경상남도 거제시 하청면 하청로 12-7,경상남도 거제시 하청면 하청리 660-1,34.95533335,128.6551977,면사무소 내,06:00~24:00,Y,Y,Y,운영,,2017,2026-05-28
47,홈플러스 거제점,경상남도 거제시 장평로 12,경상남도 거제시 장평동 59,34.89105581,128.616402,홈플러스 지하1층 에스컬레이터 옆,10:00~24:00,N,N,Y,운영,영업시간에 따름,2019,2026-05-28
48,거제수협 대교지점,경상남도 거제시 사등면 거제남서로 5333,경상남도 거제시 사등면 덕호리 107-65,34.88238007,128.4774187,접수대 앞,09:00~16:00,Y,N,N,운영안함,,2022,2026-05-28
49,거제수협 장평지점,경상남도 거제시 장평로 37,경상남도 거제시 장평동 56-1,34.89086168,128.6131049,ATM기 옆,07:00~23:00,Y,N,N,운영안함,,2017,2026-05-28
